English,Spanish
a,a
abandon,abandonar
abandoned,abandonado
ability,capacidad
able,capaz
about,acerca de
above,arriba
abroad,en el extranjero
absence,ausencia
absent,ausente
absolute,absoluto
absolutely,absolutamente
absorb,absorber
abuse,abuso
academic,académico
accent,acento
accept,aceptar
acceptable,aceptable
access,acceso
accident,accidente
accidental,accidental
accidentally,accidentalmente
accommodation,alojamiento
accompany,acompañar
according to,de acuerdo a
account,cuenta
account for,cuenta para
accurate,preciso
accurately,precisamente
accuse,acusar
achieve,lograr
achievement,logro
acid,ácido
acknowledge,reconocer
a couple,una pareja
acquire,adquirir
across,al otro lado de
act,acto
action,acción
active,activo
actively,activamente
activity,actividad
actor,actor
actress,Actriz
actual,actual
actually,de hecho
ad,anuncio
adapt,adaptar
add,agregar
addition,suma
additional,adicional
add on,Añadir
address,DIRECCIÓN
add up,agregar
add up to,sumar
adequate,adecuado
adequately,adecuadamente
adjust,ajustar
admiration,admiración
admire,admirar
admit,admitir
adopt,adoptar
adult,adulto
advance,avance
advanced,avanzado
advantage,ventaja
adventure,aventura
advert,Propaganda
advertise,anunciar
advertisement,anuncio
advertising,publicidad
advice,consejo
advise,aconsejar
affair,amorío
affect,afectar
affection,afecto
afford,poder pagar
afraid,asustado
after,después
afternoon,tarde
afterwards,después
again,de nuevo
against,contra
age,edad
aged,Envejecido
agency,agencia
agent,agente
aggressive,agresivo
ago,atrás
agree,aceptar
agreement,acuerdo
ahead,adelante
aid,ayuda
aim,apuntar
air,aire
aircraft,aeronave
airport,aeropuerto
alarm,alarma
alarmed,alarmado
alarming,alarmante
alcohol,alcohol
alcoholic,alcohólico
alive,vivo
all,todo
allied,aliado
allow,permitir
allow for,tener en cuenta
all right,está bien
ally,aliado
almost,casi
alone,solo
along,a lo largo de
alongside,junto a
aloud,en voz alta
alphabet,alfabeto
alphabetical,alfabético
alphabetically,alfabéticamente
already,ya
also,también
alter,alterar
alternative,alternativa
alternatively,alternativamente
although,a pesar de
altogether,en total
always,siempre
a.m.,soy.
amaze,asombro
amazed,asombrado
amazing,asombroso
ambition,ambición
ambulance,ambulancia
among,entre
amount,cantidad
amount to,cantidad a
amuse,entretener
amused,divertido
amusing,divertido
analyse,analizar
analysis,análisis
ancient,antiguo
and,y
anger,enojo
angle,ángulo
angrily,furiosamente
angry,enojado
animal,animal
ankle,tobillo
anniversary,aniversario
announce,anunciar
annoy,enojarse
annoyed,enojado
annoying,irritante
annual,anual
annually,anualmente
another,otro
answer,respuesta
anti-,anti-
anticipate,anticipar
anxiety,ansiedad
anxious,ansioso
anxiously,ansiosamente
any,cualquier
anybody,cualquiera
anyone,alguien
anything,cualquier cosa
anyway,de todos modos
anywhere,en cualquier lugar
apart,aparte
apart from,aparte de
apartment,departamento
apologize,disculparse
apparent,aparente
apparently,aparentemente
appeal,apelar
appear,aparecer
appearance,apariencia
apple,manzana
application,solicitud
apply,aplicar
appoint,nombrar
appointment,cita
appreciate,agradecer
approach,acercarse
appropriate,adecuado
approval,aprobación
approve,aprobar
approving,aprobatorio
approximate,aproximado
approximately,aproximadamente
April,Abril
area,área
argue,argumentar
argument,argumento
arise,surgir
arm,brazo
armed,armado
arms,brazos
army,ejército
around,alrededor
arrange,arreglar
arrangement,acuerdo
arrest,arrestar
arrival,llegada
arrive,llegar
arrive at,llegar a
arrow,flecha
art,arte
article,artículo
artificial,artificial
artificially,artificialmente
artist,artista
artistic,artístico
artistically,artísticamente
as,como
ashamed,avergonzado
aside,aparte
aside from,aparte de
ask,preguntar
asleep,dormido
aspect,aspecto
assist,asistir
assistance,asistencia
assistant,asistente
associate,asociado
associated,asociado
association,asociación
assume,asumir
assure,asegurar
at,en
atmosphere,atmósfera
atom,átomo
attach,adjuntar
attached,adjunto
attack,ataque
attempt,intentar
attempted,intentó
attend,asistir
attend to,asistir a
attention,atención
attitude,actitud
attorney,abogado
attract,atraer
attraction,atracción
attractive,atractivo
audience,audiencia
August,Agosto
aunt,tía
author,autor
authority,autoridad
automatic,automático
automatically,automáticamente
autumn,otoño
available,disponible
average,promedio
avoid,evitar
awake,despierto
award,otorgar
aware,consciente
away,lejos
awful,horrible
awfully,muy
awkward,extraño
awkwardly,embarazosamente
baby,bebé
back,atrás
background,fondo
back up,respaldo
backward,hacia atrás
backwards,hacia atrás
bacteria,bacterias
bad,malo
badly,gravemente
bad-tempered,malhumorado
bag,bolsa
baggage,equipaje
bake,hornear
balance,balance
ball,pelota
ban,prohibición
band,banda
bandage,vendaje
bank,banco
bar,bar
bargain,negociar
barrier,barrera
base,base
based,basado
base on,basado en
basic,básico
basically,básicamente
basis,base
bath,baño
bathroom,baño
battery,batería
battle,batalla
bay,bahía
be,ser
beach,playa
beak,pico
bear,oso
beard,barba
beat,derrotar
beat up,batir
beautiful,hermoso
beautifully,hermosamente
beauty,belleza
because,porque
because of,porque
become,convertirse
bed,cama
bedroom,dormitorio
beef,carne de res
beer,cerveza
before,antes
begin,comenzar
beginning,comienzo
behalf,beneficio
behave,comportarse
behaviour,comportamiento
behind,detrás
be left over,ser olvidado
belief,creencia
believe,creer
believe in,creer en
bell,campana
belong,pertenecer
belong to,pertenece a
below,abajo
belt,cinturón
bend,doblar
beneath,bajo
benefit,beneficio
bent,doblado
beside,al lado de
best,mejor
bet,apuesta
better,mejor
betting,apuesta
between,entre
beyond,más allá de
bicycle,bicicleta
bid 1,oferta 1
big,grande
bike,bicicleta
bill,factura
billion,mil millones
bin,papelera
biology,biología
bird,pájaro
birth,nacimiento
birthday,cumpleaños
biscuit,galleta
bit,poco
bite,morder
bitter,amargo
bitterly,amargamente
black,negro
blade,cuchilla
blame,culpa
blank,blanco
blind,ciego
block,bloquear
blonde,rubio
blood,sangre
blow,explotar
blow out,Reventar
blow up,explotar
blue,azul
board,junta
boat,bote
body,cuerpo
boil,hervir
bomb,bomba
bone,hueso
book,libro
boot,bota
border,borde
bore,aburrir
bored,aburrido
boring,aburrido
born,nacido
borrow,pedir prestado
boss,jefe
both,ambos
bother,molestar
bottle,botella
bottom,abajo
bound,atado
bowl,bol
box,caja
boy,chico
boyfriend,novio
brain,cerebro
branch,rama
brand,marca
brave,corajudo
bread,pan
break,romper
break down,descomponer
breakfast,desayuno
break in,interrumpir
break into,forzar
break off,romper
break out,fugarse
break up,disolver
breast,mama
breath,aliento
breathe,respirar
breathe in,aspirar
breathe out,exhalar
breathing,respiración
breed,criar
brick,ladrillo
bridge,puente
brief,breve
briefly,brevemente
bright,brillante
brightly,brillantemente
brilliant,brillante
bring,traer
bring back,devolver
bring down,reducir
bring forward,adelantar
bring out,sacar
bring up,Sacar un tema
broad,amplio
broadcast,transmisión
broadly,en general
broken,roto
brother,hermano
brown,marrón
brush,cepillar
bubble,burbuja
budget,presupuesto
build,construir
building,edificio
build up,construir
bullet,bala
bunch,racimo
burn,quemar
burn down,quemar
burnt,quemado
burst,explosión
burst into,estallar
burst out,salir corriendo
bury,enterrar
bus,autobús
bush,arbusto
business,negocio
businessman,empresario
busy,ocupado
but,pero
butter,manteca
button,botón
buy,comprar
buyer,comprador
by,por
bye,adiós
cabinet,gabinete
cable,cable
cake,pastel
calculate,calcular
calculation,cálculo
call,llamar
call back,llamar de vuelta
called,llamado
call for,pedir
call off,cancelar
call up,llamar
calm,calma
calm down,cálmate
calmly,tranquilamente
camera,cámara
camp,acampar
campaign,campaña
camping,cámping
can 1,lata 1
can 2,lata 2
cancel,Cancelar
cancer,cáncer
candidate,candidato
candy,dulce
cannot,no puedo
cap,gorra
capable,capaz
capacity,capacidad
capital,capital
captain,capitán
capture,captura
car,auto
card,tarjeta
cardboard,cartulina
care,cuidado
career,carrera
care for,Preocuparse por
careful,cuidadoso
carefully,con cuidado
careless,descuidado
carelessly,descuidadamente
carpet,alfombra
carrot,zanahoria
carry,llevar
carry on,continuar
carry out,realizar
case,caso
cash,dinero
cast,elenco
castle,castillo
cat,gato
catch,atrapar
catch up,ponerse al día
category,categoría
cause,causa
CD,CD
cease,cesar
ceiling,techo
celebrate,celebrar
celebration,celebracion
cell,celúla
cell phone,Teléfono móvil
cent,centavo
centimetre,centímetro
central,central
centre,centro
century,siglo
ceremony,ceremonia
certain,cierto
certainly,ciertamente
certificate,certificado
chain,cadena
chair,silla
chairman,presidente
chairwoman,presidenta
challenge,desafío
chamber,cámara
chance,oportunidad
change,cambiar
change round,cambiar de ronda
channel,canal
chapter,capítulo
character,personaje
characteristic,característica
charge,cargar
charity,caridad
chart,cuadro
chase,perseguir
chase away,perseguir
chat,charlar
cheap,barato
cheaply,a bajo precio
cheat,engañar
cheat of,engañar a
check,controlar
check in,registrarse
check into,comprobar en
check on,verificar
check out,verificar
check over,revisar
check up on,comprobar
cheek,mejilla
cheerful,alegre
cheerfully,alegremente
cheese,queso
chemical,químico
chemist,químico
chemistry,química
cheque,controlar
chest,pecho
chew,masticar
chicken,pollo
chief,jefe
child,niño
chin,mentón
chip,chip
chocolate,chocolate
choice,elección
choose,elegir
chop,cortar
chop down,tronchar
chop off,cortar
church,iglesia
cigarette,cigarrillo
cinema,cine
circle,círculo
circumstance,circunstancia
citizen,ciudadano
city,ciudad
civil,civil
claim,afirmar
clap,aplaudir
class,clase
classic,clásico
classroom,aula
clean,limpio
clean up,limpiar
clear,claro
clearly,claramente
clear out,aclarar
clear up,aclarar
clerk,oficinista
clever,inteligente
click,hacer clic
client,cliente
climate,clima
climb,trepar
climbing,escalada
clock,reloj
close 1,Cerrar 1
close 2,Cerrar 2
closed,cerrado
closely,cercanamente
closet,armario
cloth,paño
clothes,ropa
clothing,ropa
cloud,nube
club,club
coach,entrenador
coal,carbón
coast,costa
coat,abrigo
code,código
coffee,café
coin,moneda
cold,frío
coldly,fríamente
collapse,colapsar
colleague,colega
collect,recolectar
collection,recopilación
college,colega
colour,color
coloured,de colores
column,columna
combination,combinación
combine,combinar
come,venir
come across,cruzar
come down,baja
comedy,comedia
come from,viene de
come in,Adelante
come off,salir
come on,vamos
come out,salga
come round,venir
come to,ven a
come up,sube
come up to,Venir a
comfort,comodidad
comfortable,cómodo
comfortably,cómodamente
command,dominio
comment,comentario
commercial,comercial
commission,comisión
commit,comprometerse
commitment,compromiso
committee,comité
common,común
commonly,comúnmente
communicate,comunicar
communication,comunicación
community,comunidad
company,compañía
compare,comparar
comparison,comparación
compete,competir
competition,competencia
competitive,competitivo
complain,quejarse
complaint,queja
complete,completo
completely,completamente
complex,complejo
complicate,complicar
complicated,complicado
computer,computadora
concentrate,concentrarse
concentrate on,concentrarse en
concentration,concentración
concept,concepto
concern,inquietud
concerned,preocupado
concerning,sobre
concert,concierto
conclude,concluir
conclusion,conclusión
concrete,concreto
condition,condición
conduct,conducta
conduct,conducta
conference,conferencia
confidence,confianza
confident,seguro
confidently,con confianza
confine,confinar
confined,confinado
confirm,confirmar
conflict,conflicto
confront,confrontar
confuse,confundir
confused,confundido
confusing,confuso
confusion,confusión
congratulate,felicitar
congratulation,felicitación
congress,congreso
connect,conectar
connected,conectado
connection,conexión
conscious,consciente
consequence,consecuencia
conservative,conservador
consider,considerar
considerable,considerable
considerably,importantemente
consideration,consideración
consist,consistir
consist of,consiste en
constant,constante
constantly,constantemente
construct,construir
construction,construcción
consult,consultar
consumer,consumidor
contact,contacto
contain,contener
container,envase
contemporary,contemporáneo
content 1,Contenido 1
contest,concurso
context,contexto
continent,continente
continue,continuar
continuous,continuo
continuously,continuamente
contract,contrato
contract,contrato
contrast,contraste
contrast,contraste
contrasting,contrastante
contribute,contribuir
contribution,contribución
control,control
controlled,revisado
convenient,conveniente
convention,convención
conventional,convencional
conversation,conversación
convert,convertir
convince,convencer
cook,cocinar
cooker,Horno
cookie,Galleta
cooking,cocinando
cool,Frío
cool down,enfriarse
cope,afrontar
copy,Copiar
core,centro
corner,esquina
correct,correcto
correctly,correctamente
cost,costo
cottage,cabaña
cotton,algodón
cough,tos
coughing,tos
could,podría
council,concejo
count,contar
counter,encimera
count on,contar con
country,país
countryside,campo
county,condado
couple,pareja
courage,coraje
course,curso
court,corte
cousin,primo
cover,cubrir
covered,cubierto
covering,cubierta
cover up,encubrir
cow,vaca
crack,grieta
cracked,agrietado
craft,artesanía
crash,chocar
crazy,loco
cream,crema
create,crear
creature,criatura
credit,crédito
credit card,tarjeta de crédito
crime,delito
criminal,delincuente
crisis,crisis
crisp,crujiente
criterion,criterio
critical,crítico
criticism,crítica
criticize,criticar
crop,cultivo
cross,cruz
cross out,tachar
crowd,multitud
crowded,atestado
crown,corona
crucial,crucial
cruel,cruel
crush,aplastar
cry,llorar
cry out,gritar
cultural,cultural
culture,cultura
cup,taza
cupboard,armario
curb,frenar
cure,curar
curious,curioso
curiously,curiosamente
curl,rizo
curl up,acurrucarse
curly,ondulado
current,actual
currently,actualmente
curtain,cortina
curve,curva
curved,curvo
custom,costumbre
customer,cliente
customs,aduanas
cut,cortar
cut back,reducir
cut down,reducir
cut off,cortar
cut out,separar
cut up,cortar
cycle,ciclo
cycling,ciclismo
dad,papá
daily,a diario
damage,daño
damp,húmedo
dance,bailar
dancer,bailarín
dancing,baile
danger,peligro
dangerous,peligroso
dare,atrevimiento
dark,oscuro
data,datos
date,fecha
date back,fecha de regreso
daughter,hija
day,día
dead,muerto
deaf,sordo
deal,trato
deal in,tratar en
deal with,tratar con
dear,estimado
death,muerte
debate,debate
debt,deuda
decade,década
decay,decadencia
December,Diciembre
decide,decidir
decide on,decidir por
decision,decisión
declare,declarar
decline,rechazar
decorate,Decorar
decoration,decoración
decorative,decorativo
decrease,disminuir
deep,profundo
deeply,profundamente
defeat,fracaso
defence,defensa
defend,defender
define,definir
definite,definido
definitely,definitivamente
definition,definición
degree,grado
delay,demora
deliberate,adrede
deliberately,deliberadamente
delicate,delicado
delight,deleitar
delighted,contento
deliver,entregar
delivery,entrega
demand,demanda
demonstrate,demostrar
dentist,dentista
deny,denegar
department,departamento
departure,partida
depend,depender
depend on,depender de
deposit,depósito
depress,deprimir
depressed,deprimido
depressing,deprimente
depth,profundidad
derive,derivar
derive from,derivar de
describe,describir
description,descripción
desert,desierto
desert,desierto
deserted,abandonado
deserve,merecer
design,diseño
desire,deseo
desk,escritorio
desperate,desesperado
desperately,desesperadamente
despite,a pesar de
destroy,destruir
destruction,destrucción
detail,detalle
detailed,detallado
determination,determinación
determine,determinar
determined,determinado
develop,desarrollar
development,desarrollo
device,dispositivo
devote,dedicar
devoted,dedicado
devote to,devoto a
diagram,diagrama
diamond,diamante
diary,diario
dictionary,diccionario
die,morir
die away,desaparecer
die out,morir
diet,dieta
difference,diferencia
different,diferente
differently,diferentemente
difficult,difícil
difficulty,dificultad
dig,excavar
digital,digital
dinner,cena
direct,directo
direction,dirección
directly,directamente
director,director
dirt,suciedad
dirty,sucio
disabled,desactivado
disadvantage,desventaja
disagree,discrepar
disagreement,desacuerdo
disagree with doing,no estar de acuerdo con hacer
disappear,desaparecer
disappoint,decepcionar
disappointed,decepcionado
disappointing,decepcionante
disappointment,decepción
disapproval,desaprobación
disapprove,desaprobar
disapproving,desaprobar
disaster,desastre
disc,desct
discipline,disciplina
discount,descuento
discover,descubrir
discovery,descubrimiento
discuss,conversar
discussion,discusión
disease,enfermedad
disgust,asco
disgusted,disgustado
disgusting,desagradable
dish,plato
dishonest,deshonesto
dishonestly,deshonestamente
disk,disco
dislike,disgusto
dismiss,despedir
display,mostrar
dissolve,disolver
distance,distancia
distinguish,distinguir
distribute,distribuir
distribution,distribución
district,distrito
disturb,molestar
disturbing,perturbador
divide,dividir
division,división
divorce,divorcio
divorced,divorciado
do 1,hacer 1
doctor,doctor
document,documento
dog,perro
dollar,dólar
domestic,doméstico
dominate,dominar
door,puerta
dot,punto
double,doble
doubt,duda
do up,abrochar
do with,hazlo
do without,hacer sin
down,abajo
downstairs,abajo
downward,hacia abajo
downwards,hacia abajo
dozen,docena
draft,borrador
drag,arrastrar
drama,drama
dramatic,dramático
dramatically,dramáticamente
draw,dibujar
drawer,cajón
drawing,dibujo
dream,sueño
dress,vestido
dressed,vestido
dress up,vestirse
drink,beber
drive,conducir
drive away,ahuyentar
drive off,expulsar
driver,conductor
driving,conduciendo
drop,gota
drop out,Abandonar
drug,droga
drugstore,farmacia
drum,tambor
drunk,ebrio
dry,seco
dry off,secar
dry up,secarse
due,pendiente
dull,aburrido
dump,vertedero
during,durante
dust,polvo
duty,deber
DVD,DVD
dying,muriendo
each,cada
each other,entre sí
ear,oreja
early,temprano
earn,ganar
earth,tierra
ease,facilidad
easily,fácilmente
east,este
eastern,oriental
easy,fácil
eat,comer
eat out,comer fuera
eat up,comer hasta
economic,económico
economy,economía
edge,borde
edition,edición
editor,editor
educate,educar
educated,educado
education,educación
effect,efecto
effective,eficaz
effectively,efectivamente
efficient,eficiente
efficiently,eficientemente
effort,esfuerzo
e.g.,p.ej.
egg,huevo
eight,ocho
eighteen,dieciocho
eighteenth,decimoctavo
eighth,octavo
eightieth,dieciocho
eighty,ochenta
either,cualquiera
elbow,codo
elderly,anciano
elect,electo
election,elección
electric,eléctrico
electrical,eléctrico
electricity,electricidad
electronic,electrónico
elegant,elegante
element,elemento
elevator,ascensor
eleven,once
eleventh,undécimo
else,demás
elsewhere,en otra parte
email,correo electrónico
embarrass,avergonzar
embarrassed,avergonzado
embarrassing,embarazoso
embarrassment,vergüenza
emerge,surgir
emergency,emergencia
emotion,emoción
emotional,emocional
emotionally,emocionalmente
emphasis,énfasis
emphasize,enfatizar
empire,imperio
employ,emplear
employee,empleado
employer,empleador
employment,empleo
empty,vacío
enable,permitir
encounter,encontrar
encourage,alentar
encouragement,ánimo
end,fin
end in,terminar con
ending,finalizando
end up,terminar
enemy,enemigo
energy,energía
engage,comprometer
engaged,comprometido
engine,motor
engineer,ingeniero
engineering,ingeniería
enjoy,disfrutar
enjoyable,agradable
enjoyment,disfrute
enormous,enorme
enough,suficiente
enquiry,consulta
ensure,asegurar
enter,ingresar
entertain,entretener
entertainer,artista
entertaining,entretenido
entertainment,entretenimiento
enthusiasm,entusiasmo
enthusiastic,entusiasta
enthusiastically,con entusiasmo
entire,completo
entirely,enteramente
entitle,dar derecho
entrance 1,Entrada 1
entry,entrada
envelope,sobre
environment,ambiente
environmental,ambiental
equal,igual
equally,igualmente
equipment,equipo
equivalent,equivalente
error,error
escape,escapar
especially,especialmente
essay,ensayo
essential,básico
essentially,esencialmente
establish,establecer
estate,bienes
estimate,estimar
etc.,etc.
euro,euro
even,incluso
evening,noche
event,evento
eventually,eventualmente
ever,alguna vez
every,cada
everybody,todos
everyone,todos
everything,todo
everywhere,en todos lados
evidence,evidencia
evil,demonio
ex-,ex-
exact,exacto
exactly,exactamente
exaggerate,exagerar
exaggerated,exagerado
exam,examen
examination,examen
examine,examinar
example,ejemplo
excellent,excelente
except,excepto
exception,excepción
exchange,intercambio
excite,excitar
excited,entusiasmado
excitement,excitación
exciting,emocionante
exclude,excluir
excluding,Excluyendo
excuse,disculpar
excuse,disculpar
executive,ejecutivo
exercise,ejercicio
exhibit,anexo
exhibition,exhibición
exist,existir
existence,existencia
exit,salida
expand,expandir
expect,esperar
expectation,expectativa
expected,esperado
expense,gastos
expensive,caro
experience,experiencia
experienced,experimentado
experiment,experimento
expert,experto
explain,explicar
explanation,explicación
explode,explotar
explore,explorar
explosion,explosión
export,exportar
export,exportar
expose,exponer
express,expresar
expression,expresión
extend,extender
extension,extensión
extensive,extenso
extent,medida
extra,extra
extraordinary,extraordinario
extreme,extremo
extremely,extremadamente
eye,ojo
face,rostro
face up to,hacer frente a
facility,instalación
fact,hecho
factor,factor
factory,fábrica
fail,fallar
failure,falla
faint,débil
faintly,poco
fair,justo
fairly,equitativamente
faith,fe
faithful,fiel
faithfully,fielmente
fall,caer
FALSE,FALSO
fame,fama
familiar,familiar
family,familia
famous,famoso
fan,admirador
fancy,elegante
far,lejos
farm,granja
farmer,agricultor
farming,agricultura
farther,más lejos
farthest,más lejano
fashion,moda
fashionable,de moda
fast,rápido
fasten,sujetar
fat,gordo
father,padre
faucet,grifo
fault,falla
favour,favor
favourite,favorito
fear,miedo
feather,pluma
feature,característica
February,Febrero
federal,federal
fee,tarifa
feed,alimentar
feel,sentir
feeling,sentimiento
fellow,compañero
female,femenino
fence,cerca
festival,festival
fetch,buscar
fever,fiebre
few,pocos
field,campo
fifteen,quince
fifteenth,decimoquinto
fifth,quinto
fiftieth,quincuagésimo
fifty,cincuenta
fight,luchar
fighting,lucha
figure,cifra
figure out,averiguar
file,archivo
fill,llenar
fill in,llenar
fill out,llenar
fill up,llena
film,película
final,final
finally,finalmente
finance,finanzas
financial,financiero
find,encontrar
find out,descubrir
fine,bien
finely,finamente
finger,dedo
finish,finalizar
finished,finalizado
finish off,terminar
fire,fuego
firm,firme
firmly,firmemente
first,primero
fish,pez
fishing,pesca
fit,adaptar
fit in,encajar
five,cinco
fix,arreglar
fixed,fijado
flag,bandera
flame,fuego
flash,destello
flat,departamento
flavour,sabor
flesh,carne
flight,vuelo
float,flotar
flood,inundación
flooded,inundado
flooding,inundación
floor,piso
flour,harina
flow,fluir
flower,flor
flu,gripe
fly,volar
flying,volador
focus,enfocar
fold,doblar
folding,plegable
follow,seguir
following,siguiente
follow up,hacer un seguimiento
food,alimento
foot,pie
football,fútbol americano
for,para
force,fuerza
forecast,pronóstico
foreign,extranjero
forest,bosque
forever,para siempre
forget,olvidar
forgive,perdonar
fork,tenedor
form,forma
formal,formal
formally,formalmente
former,anterior
formerly,antes
formula,fórmula
fortieth,cuadragésimo
fortune,fortuna
forty,cuarenta
forward,adelante
found,encontró
foundation,base
four,cuatro
fourteen,catorce
fourteenth,decimocuarto
fourth,cuatro
frame,marco
free,gratis
freedom,libertad
freely,libremente
freeze,congelar
frequent,frecuente
frequently,frecuentemente
fresh,fresco
freshly,recién
Friday,Viernes
fridge,refrigerador
friend,amigo
friendly,amigable
friendship,amistad
frighten,asustar
frighten away/off,asustar/alejar
frightened,atemorizado
frightening,alarmante
from,de
front,frente
frozen,congelado
fruit,fruta
fry,freír
fuel,combustible
full,lleno
fully,completamente
fun,divertido
function,función
function as,funcionan como
fund,fondo
fundamental,fundamental
funeral,funeral
funny,divertido
fur,pelo
furniture,muebles
further,más
future,futuro
gain,ganar
gallon,galón
gamble,jugar
gambling,juego
game,juego
gap,brecha
garage,cochera
garbage,basura
garden,jardín
gas,gas
gasoline,gasolina
gate,puerta
gather,recolectar
gear,engranaje
general,general
generally,generalmente
generate,generar
generation,generación
generous,generoso
generously,generosamente
gentle,amable
gentleman,hidalgo
gently,suavemente
genuine,genuino
genuinely,verdaderamente
geography,geografía
get,conseguir
get away,escapar
get away with,escapar con
get back,volver
get by,arreglárselas
get in,Entra
get into,meterse en
get off,bajar
get on,subirse
get on with,llevarse bien con
get out of,salir de
get over,superalo
get round,soslayar
get round to,sacar tiempo para hacer algo
get through,atravesar
get up,levantarse
giant,gigante
gift,regalo
girl,chica
girlfriend,novia
give,dar
give away,donar
give back,devolver
give in,ceder
give off,emitir
give out,repartir
give up,abandonar
glad,contento
glass,vaso
global,global
glove,guante
glue,pegamento
go,ir
go ahead,adelante
goal,meta
go away,irse
go back,regresa
go back to,volver a
go by,ve por
god,dios
go down,bajar
go into,entrar en
gold,oro
good,bien
goodbye,adiós
goods,bienes
go off,seguir
go on,seguir
go on doing,seguir haciendo
go out,salir
go out with,salir con
go over,superalo
go round,dar la vuelta
go through,atravesar
go through with,llevar a cabo
go to,ir a
go up,subir
govern,gobernar
government,gobierno
governor,gobernador
go with,ir con
go without,prescindir
grab,agarrar
grade,calificación
gradual,gradual
gradually,gradualmente
grain,grano
gram,gramo
grammar,gramática
grand,grandioso
grandchild,nieto
granddaughter,nieta
grandfather,abuelo
grandmother,abuela
grandparent,abuelo
grandson,nieto
grant,conceder
grass,césped
grateful,agradecido
grave 1,tumba 1
gravely,gravemente
great,excelente
greatly,muy
green,verde
grey,gris
grocery,tienda de comestibles
ground,suelo
group,grupo
grow,crecer
growth,crecimiento
grow up,crecer
guarantee,garantizar
guard,guardia
guess,adivinar
guest,invitado
guide,guía
guilty,culpable
gun,pistola
guy,chico
habit,hábito
hair,cabello
hairdresser,peluquero
half,medio
hall,sala
hammer,martillo
hand,mano
hand back,devolver
hand down,dictar
hand in,entregar
handle,manejar
hand out,repartir
hand over,Entregar
hand round,entregar
hang,colgar
hang about,rondar
hang about with,pasar el rato con
hang around,andar
hang around with,pasar el tiempo con
hang on,Aférrate
hang on to,aferrarse a
hang up,colgar
happen,suceder
happen to,suceder a
happily,felizmente
happiness,felicidad
happy,feliz
hard,duro
hardly,difícilmente
harm,dañar
harmful,dañino
harmless,inofensivo
hat,sombrero
hate,odiar
hatred,odio
have,tener
have back,tener de vuelta
have on,llevar
have to,tengo que
he,él
head,cabeza
headache,dolor de cabeza
heal,sanar
health,salud
healthy,saludable
hear,escuchar
hear from,oír de
hearing,audiencia
hear of,escuchar de
heart,corazón
heat,calor
heating,calefacción
heat up,calentar
heaven,cielo
heavily,fuertemente
heavy,pesado
heel,tacón
height,altura
hell,infierno
hello,Hola
help,ayuda
helpful,útil
help out,ayudar
hence,por eso
her,su
here,aquí
hero,héroe
hers,suyo
herself,sí misma
hesitate,dudar
hi,Hola
hide,esconder
high,alto
highlight,destacar
highly,altamente
highway,carretera
hill,colina
him,a él
himself,él mismo
hip,cadera
hire,contratar
hire out,alquilar
his,su
historical,histórico
history,historia
hit,golpear
hobby,pasatiempo
hold,sostener
hold back,aguantar
hold on,esperar
hold on to,aferrarse a
hold out,resistir
hold up,sostener
hole,agujero
holiday,día festivo
hollow,hueco
holy,santo
home,hogar
homework,tarea
honest,honesto
honestly,honestamente
honour,honor
hook,gancho
hope,esperanza
horizontal,horizontal
horn,bocina
horror,horror
horse,caballo
hospital,hospital
host,anfitrión
hot,caliente
hotel,hotel
hour,hora
house,casa
household,familiar
housing,alojamiento
how,cómo
however,sin embargo
huge,enorme
human,humano
humorous,humorístico
humour,humor
hundred,centenar
hundredth,centésimo
hungry,hambriento
hunt,caza
hunting,caza
hurry,apurarse
hurry up,apresúrate
hurt,herir
husband,marido
I,I
ice,hielo
ice cream,helado
idea,idea
ideal,ideal
identify,identificar
identify with,identificarse con
identity,identidad
i.e.,es decir.
if,si
ignore,ignorar
ill,enfermo
illegal,ilegal
illegally,ilegalmente
illness,enfermedad
illustrate,ilustrar
image,imagen
imaginary,imaginario
imagination,imaginación
imagine,imaginar
immediate,inmediato
immediately,inmediatamente
immoral,inmoral
impact,impacto
impatient,impaciente
implication,implicación
imply,implicar
import,importar
import,importar
importance,importancia
important,importante
importantly,en tono rimbombante
impose,imponer
impossible,imposible
impress,impresionar
impressed,impresionado
impression,impresión
impressive,impresionante
improve,mejorar
improvement,mejora
in,en
inability,incapacidad
inch,pulgada
incident,incidente
include,incluir
including,incluido
income,ingreso
increase,aumentar
increasingly,cada vez más
indeed,en efecto
independence,independencia
independent,independiente
independently,independientemente
index,índice
indicate,indicar
indication,indicación
indirect,indirecto
indirectly,indirectamente
individual,individual
indoor,interior
indoors,adentro
industrial,industrial
industry,industria
inevitable,inevitable
inevitably,inevitablemente
infect,infectar
infected,infectado
infection,infección
infectious,infeccioso
influence,influencia
inform,informar
informal,informal
information,información
ingredient,ingrediente
initial,inicial
initially,inicialmente
initiative,iniciativa
injure,lesionar
injured,herido
injury,lesión
ink,tinta
inner,interno
innocent,inocente
insect,insecto
insert,insertar
inside,adentro
insist,insistir
insist on,insistir
insist on doing,insistir en hacer
install,instalar
instance,instancia
instead,en cambio
instead of,en lugar de
institute,instituto
institution,institución
instruction,instrucción
instrument,instrumento
insult,insulto
insulting,insultante
insurance,seguro
intelligence,inteligencia
intelligent,inteligente
intend,pretender
intended,destinado
intention,intención
interest,interés
interested,interesado
interesting,interesante
interior,interior
internal,interno
international,internacional
Internet,Internet
interpret,interpretar
interpretation,interpretación
interrupt,interrumpir
interruption,interrupción
interval,intervalo
interview,entrevista
into,en
introduce,introducir
introduction,introducción
invent,inventar
invention,invención
invest,invertir
investigate,investigar
investigation,investigación
investment,inversión
invitation,invitación
invite,invitar
involve,involucrar
involved,involucrado
involvement,intervención
iron,hierro
irritate,irritar
irritated,irritado
irritating,irritante
island,isla
issue,asunto
it,él
item,artículo
its,es
itself,sí mismo
jacket,chaqueta
jam,mermelada
January,Enero
jealous,celoso
jeans,vaqueros
jelly,gelatina
jewellery,joyería
job,trabajo
join,unirse
join in,participar
joint,articulación
jointly,conjuntamente
joke,broma
journalist,periodista
journey,viaje
joy,alegría
judge,juez
judgement,juicio
juice,jugo
July,Julio
jump,saltar
June,Junio
junior,júnior
just,justo
justice,justicia
justified,justificado
justify,justificar
keen,afecto
keep,mantener
keep out,excluir
keep out of,Aléjate de
keep up,Mantenga
keep up with,seguir
key,llave
keyboard,teclado
kick,patada
kid,niño
kill,matar
killing,asesinato
kilogram,kilogramo
kilometre,kilómetro
kind,amable
kindly,amable
kindness,amabilidad
king,rey
kiss,beso
kitchen,cocina
knee,rodilla
knife,cuchillo
knit,tejer
knitted,de punto
knitting,tejido de punto
knock,golpear
knock down,derribar
knock out,knockear
knot,nudo
know,saber
knowledge,conocimiento
lab,laboratorio
label,etiqueta
laboratory,laboratorio
labour,mano de obra
lack,falta
lacking,carente
lady,dama
lake,lago
lamp,lámpara
land,tierra
landscape,paisaje
lane,carril
language,idioma
large,grande
largely,en gran parte
last 1,Último 1
late,tarde
later,más tarde
latest,el último
latter,último
laugh,reír
laugh at,reírse de
launch,lanzamiento
law,ley
lawyer,abogado
lay,poner
layer,capa
lazy,perezoso
lead 1,liderar 1
leader,líder
leading 1,Liderando 1
leaf,hoja
league,liga
lean,inclinarse
learn,aprender
least,el menos
leather,cuero
leave,dejar
leave out,dejar
lecture,conferencia
left,izquierda
leg,pierna
legal,legal
legally,legalmente
lemon,limón
lend,prestar
length,longitud
less,menos
lesson,lección
let,dejar
let down,Dejar abajo
let off,dejar salir
letter,carta
level,nivel
library,biblioteca
licence,licencia
license,licencia
lid,tapa
lie 1,mentir 1
lie 2,mentir 2
lie around,tirados por ahí
lie down,acostarse
life,vida
lift,elevar
light,luz
lightly,ligeramente
like,como
likely,probable
limit,límite
limited,limitado
limit to,limitado a
line,línea
link,enlace
lip,labio
liquid,líquido
list,lista
listen,escuchar
literature,literatura
litre,litro
little,pequeño
live 1,vivir 1
live 2,vivir 2
lively,dinámico
live on,vivir
live through,superar
live together,vivir juntos
living,viviendo
load,carga
loan,préstamo
local,local
locally,en la zona
locate,localizar
located,situado
location,ubicación
lock,cerrar
lock up,encerrar
logic,lógica
logical,lógico
lonely,solitario
long,largo
look,mirar
look after,cuidar
look at,mira a
look down on,despreciar
look forward to,esperar
look into,examinar
look on,buscar en
look on with,mirar
look out,Estar atento
look out for,Tener cuidado de
look round,Mira alrededor
look through,mirar a través de
look up,buscar
look up to,admirar a alguien
loose,perder
loosely,flojamente
lord,caballero
lorry,camión
lose,perder
loss,pérdida
lost,perdido
lot,lote
loud,alto
loudly,fuerte
love,amar
lovely,hermoso
lover,amante
low,bajo
loyal,leal
luck,suerte
lucky,afortunado
luggage,equipaje
lump,bulto
lunch,almuerzo
lung,pulmón
machine,máquina
machinery,maquinaria
mad,enojado
magazine,revista
magic,magia
mail,correo
main,principal
mainly,principalmente
maintain,mantener
major,importante
majority,mayoría
make,hacer
make into,convertir en
make up,constituir
make-up,constituir
make up for,compensar
male,masculino
mall,centro comercial
man,hombre
manage,administrar
management,gestión
manager,gerente
manner,manera
manufacture,fabricar
manufacturer,fabricante
manufacturing,fabricación
many,muchos
map,mapa
march,marzo
March,Marzo
mark,marca
market,mercado
marketing,marketing
marriage,casamiento
married,casado
marry,casar
mass,masa
massive,masivo
master,maestro
match,fósforo
matching,pareo
match up,emparejar
mate,compañero
material,material
mathematics,matemáticas
matter,asunto
maximum,máximo
may,puede
May,Puede
maybe,tal vez
mayor,alcalde
me,a mí
meal,comida
mean,significar
meaning,significado
means,medio
meanwhile,mientras tanto
measure,medida
measurement,medición
meat,carne
media,medios de comunicación
medical,médico
medicine,medicamento
medium,medio
meet,encontrarse
meeting,reunión
meet up,reunirse
meet with,juntarse con
melt,derretir
member,miembro
membership,afiliación
memory,memoria
mental,mental
mentally,mentalmente
mention,mencionar
menu,menú
mere,mero
merely,meramente
mess,desorden
message,mensaje
metal,metal
method,método
metre,metro
mid-,medio-
midday,mediodía
middle,medio
midnight,medianoche
might,podría
mild,leve
mile,milla
military,militar
milk,leche
milligram,miligramo
millimetre,milímetro
million,millón
millionth,millonésimo
mind,mente
mine,mío
mineral,mineral
minimum,mínimo
minister,ministro
ministry,ministerio
minor,menor
minority,minoría
minute 1,minuto 1
mirror,espejo
miss,extrañar
missing,desaparecido
miss out,omitir
mistake,error
mistake for,error por
mistaken,equivocado
mix,mezcla
mixed,mezclado
mixture,mezcla
mix up,mezclar
mobile,móvil
mobile phone,teléfono móvil
model,modelo
modern,moderno
mom,mamá
moment,momento
Monday,Lunes
money,dinero
monitor,monitor
month,mes
mood,ánimo
moon,luna
moral,moral
morally,moralmente
more,más
moreover,además
morning,mañana
most,mayoría
mostly,principalmente
mother,madre
motion,movimiento
motor,motor
motorbike,moto
motorcycle,motocicleta
mount,montar
mountain,montaña
mouse,ratón
mouth,boca
move,mover
move in,mudarse
movement,movimienot
move out,mudarse
move over,moverse
movie,película
movie theater,cine
moving,Moviente
Mr,Señor
Mrs,Señora
Ms,EM
much,mucho
mud,lodo
multiply,multiplicar
mum,mamá
murder,asesinato
muscle,músculo
museum,museo
music,música
musical,musical
musician,músico
must,debe
my,mi
myself,mí mismo
mysterious,misterioso
mystery,misterio
nail,clavo
naked,desnudo
name,nombre
narrow,angosto
nation,nación
national,nacional
natural,natural
naturally,naturalmente
nature,naturaleza
navy,Armada
near,cerca
nearby,cercano
nearly,cerca de
neat,limpio
neatly,pulcramente
necessarily,necesariamente
necessary,necesario
neck,cuello
need,necesidad
needle,aguja
negative,negativo
neighbour,vecino
neighbourhood,vecindario
neither,ni
nephew,sobrino
nerve,nervio
nervous,nervioso
nervously,nerviosamente
nest,nido
net,neto
network,red
never,nunca
nevertheless,sin embargo
new,nuevo
newly,recién
news,noticias
newspaper,periódico
next,próximo
next to,junto a
nice,lindo
nicely,bien
niece,sobrina
night,noche
nine,nueve
nineteen,diecinueve
nineteenth,decimonoveno
ninetieth,nonagésimo
ninety,noventa
ninth,noveno
no,No
nobody,nadie
noise,ruido
noisily,ruidosamente
noisy,ruidoso
non-,no-
none,ninguno
nonsense,disparates
no one,nadie
nor,ni
normal,normal
normally,normalmente
north,norte
northern,del Norte
nose,nariz
not,no
note,nota
note down,notar
nothing,nada
notice,aviso
noticeable,perceptible
novel,novedoso
November,Noviembre
now,ahora
nowhere,en ningún lugar
nuclear,nuclear
number,número
nurse,enfermero
nut,tuerca
obey,cumplir
object,objeto
object,objeto
objective,objetivo
observation,observación
observe,observar
obtain,obtener
obvious,obvio
obviously,obviamente
occasion,ocasión
occasionally,ocasionalmente
occupied,ocupado
occupy,ocupar
occur,ocurrir
occur to,ocurrir a
ocean,océano
o’clock,en punto
October,Octubre
odd,extraño
oddly,extrañamente
of,de
off,apagado
offence,ofensa
offend,ofender
offense,ofensa
offensive,ofensivo
offer,oferta
office,oficina
officer,oficial
official,oficial
officially,oficialmente
often,a menudo
oh,Vaya
oil,aceite
OK,DE ACUERDO
old,viejo
old-fashioned,Anticuado
on,en
once,una vez
one,uno
one another,unos y otros
onion,cebolla
online,en línea
only,solo
onto,sobre
open,abierto
opening,apertura
openly,abiertamente
open up,abrir
operate,funcionar
operation,operación
opinion,opinión
opponent,adversario
opportunity,oportunidad
oppose,oponerse a
opposed,opuesto
opposing,opuesto
opposite,opuesto
opposition,oposición
option,opción
or,o
orange,naranja
order,orden
ordinary,común
organ,Organo
organization,organización
organize,organizar
organized,organizado
origin,origen
original,original
originally,originalmente
other,otro
otherwise,de lo contrario
ought to,debería
our,nuestro
ours,nuestro
ourselves,nosotros mismos
out,afuera
outdoor,exterior
outdoors,al aire libre
outer,exterior
outline,describir
output,producción
outside,afuera
outside,afuera
outstanding,pendiente
oven,horno
over,encima
overall,en general
overall,en general
overcome,superar
owe,deber
own,propio
owner,dueño
own up,confesar
pace 1,ritmo 1
pack,embalar
package,paquete
packaging,embalaje
packet,paquete
pack up,empaca
page,página
pain,dolor
painful,doloroso
paint,pintar
painter,pintor
painting,cuadro
pair,par
palace,palacio
pale,pálido
pan 1,sartén
panel,panel
pants,pantalones
paper,papel
parallel,paralelo
parent,padre
park,parque
parliament,parlamento
part,parte
particular,particular
particularly,particularmente
partly,parcialmente
partner,pareja
partnership,camaradería
party,fiesta
pass,aprobar
passage,paso
pass away,fallecer
pass by,pasar por
passenger,pasajero
passing,paso
pass on,Transmitir
pass out,desmayarse
passport,pasaporte
pass round,pasar
pass through,pasar por
past,pasado
path,camino
patience,paciencia
patient,paciente
pattern,patrón
pause,pausa
pay,pagar
pay back,pagar
payment,pago
pay out,pagar
pay up,paga
peace,paz
peaceful,pacífico
peak,cima
pen,bolígrafo
pencil,lápiz
penny,centavo
pension 1,pensión 1
people,gente
pepper,pimienta
per,por
per cent,por ciento
perfect,perfecto
perfectly,perfectamente
perform,llevar a cabo
performance,actuación
performer,ejecutante
perhaps,tal vez
period,período
permanent,permanente
permanently,permanentemente
permission,permiso
permit,permiso
person,persona
personal,personal
personality,personalidad
personally,personalmente
persuade,persuadir
pet,mascota
petrol,gasolina
phase,fase
philosophy,filosofía
phone,teléfono
photo,foto
photocopy,fotocopia
photograph,fotografía
photographer,fotógrafo
photography,fotografía
phrase,frase
physical,físico
physically,físicamente
physics,física
piano,piano
pick,elegir
pick up,levantar
picture,imagen
piece,pedazo
pig,cerdo
pile,montón
pile up,amontonar
pill,píldora
pilot,piloto
pin,alfiler
pink,rosa
pint,medio litro
pipe,tubo
pitch,paso
pity,lástima
place,lugar
plain,plano
plan,plan
plane,avión
planet,planeta
planning,planificación
plant,planta
plastic,el plastico
plate,lámina
platform,plataforma
play,jugar
play about,juguetear
player,jugador
play with,jugar con
pleasant,agradable
pleasantly,agradablemente
please,por favor
pleased,complacido
pleasing,agradable
pleasure,placer
plenty,infinidad
plot,trama
plug,enchufar
plug in,enchufar
plus 1,Además 1
p.m.,pm.
pocket,bolsillo
poem,poema
poetry,poesía
point,punto
pointed,puntiagudo
point out,señalar
poison,veneno
poisonous,venenoso
pole,polo
police,policía
policy,política
polish,polaco
polite,educado
politely,cortésmente
political,político
politically,políticamente
politician,político
politics,política
pollution,contaminación
pool,piscina
poor,pobre
pop,estallido
popular,popular
population,población
port,puerto
pose,pose
position,posición
positive,positivo
possess,poseer
possession,posesión
possibility,posibilidad
possible,posible
possibly,posiblemente
post,correo
post office,oficina de correos
pot,maceta
potato,papa
potential,potencial
potentially,potencialmente
pound,libra
pour,verter
powder,polvo
power,fuerza
powerful,poderoso
practical,práctico
practically,prácticamente
practice,práctica
practise,práctica
praise,elogio
pray,orar
prayer,oración
precise,preciso
precisely,precisamente
predict,predecir
prefer,preferir
preference,preferencia
pregnant,embarazada
premises,instalaciones
preparation,preparación
prepare,preparar
prepared,preparado
presence,presencia
present,presente
present,presente
presentation,presentación
preserve,preservar
president,presidente
press,prensa
pressure,presión
presumably,presumiblemente
pretend,pretender
pretty,bonito
prevent,prevenir
previous,anterior
previously,previamente
price,precio
pride,orgullo
priest,sacerdote
primarily,ante todo
primary,primario
prime minister,Primer ministro
prince,Príncipe
princess,princesa
principle,principio
print,imprimir
printer,impresora
printing,impresión
print off,imprimir
prior,previo
priority,prioridad
prison,prisión
prisoner,prisionero
private,privado
privately,en privado
prize,premio
probable,probable
probably,probablemente
problem,problema
procedure,procedimiento
proceed,proceder
process 1,proceso 1
produce,producir
producer,productor
product,producto
production,producción
profession,profesión
professional,profesional
professor,profesor
profit,ganancia
program,programa
programme,programa
progress,progreso
progress,progreso
project,proyecto
project,proyecto
promise,promesa
promote,promover
promotion,promoción
prompt,inmediato
promptly,prontamente
pronounce,pronunciar
pronunciation,pronunciación
proof,prueba
proper,adecuado
properly,adecuadamente
property,propiedad
proportion,proporción
proposal,propuesta
propose,proponer
prospect,prospecto
protect,proteger
protection,proteccion
protest,protesta
protest,protesta
proud,orgulloso
proudly,con orgullo
prove,probar
provide,proporcionar
provided,proporcionó
providing,Proporcionar
pub,pub
public,público
publication,publicación
publicity,publicidad
publicly,en público
publish,publicar
publishing,publicación
pull,jalar
pull apart,separar
pull down,derribar
pull in,atraer
pull off,lograr
pull out,extraer
pull over,volcar
pull through,salir adelante
pull together,jalen juntos
pull up,levantar
punch,puñetazo
punish,castigar
punishment,castigo
pupil,alumno
purchase,compra
pure,puro
purely,puramente
purple,púrpura
purpose,objetivo
pursue,buscar
push,empujar
push about,empujar
push forward,empujar hacia adelante
put,poner
put away,guardar
put back,volver
put down,suelte
put forward,presentar
put in,meter en
put off,posponer
put on,ponerse
put out,apagar
put through,llevar a cabo
put together,juntar
put up,Hospedarse
put up with,soportar
qualification,calificación
qualified,calificado
qualify,calificar
quality,calidad
quantity,cantidad
quarter,cuarto
queen,reina
question,pregunta
quick,rápido
quickly,rápidamente
quiet,tranquilo
quietly,en silencio
quit,abandonar
quite,bastante
quote,cita
race,carrera
racing,carreras
radio,radio
rail,carril
railroad,ferrocarril
railway,ferrocarril
rain,lluvia
raise,aumentar
range,rango
rank,rango
rapid,rápido
rapidly,rápidamente
rare,extraño
rarely,casi nunca
rate,tasa
rather,bastante
raw,crudo
re-,re-
reach,alcanzar
react,reaccionar
reaction,reacción
read,leer
reader,lector
reading,lectura
read out,leer
read over,leer más
ready,listo
real,real
realistic,realista
reality,realidad
realize,darse cuenta
really,en realidad
rear,trasero
reason,razón
reasonable,razonable
reasonably,razonablemente
recall,recordar
receipt,recibo
receive,recibir
recent,reciente
recently,recientemente
reception,recepción
reckon,contar
reckon on,contar con
recognition,reconocimiento
recognize,reconocer
recommend,recomendar
record,registro
record,registro
recording,grabación
recover,recuperar
red,rojo
reduce,reducir
reduction,reducción
refer,referirse
reference,referencia
refer to,Referirse a
reflect,reflejar
reform,reforma
refrigerator,refrigerador
refusal,rechazo
refuse 1,basura 1
regard,respecto
regarding,acerca de
region,región
regional,regional
register,registro
regret,arrepentirse
regular,regular
regularly,regularmente
regulation,regulación
reject,rechazar
relate,relatar
related,relacionado
relate to,relacionado a
relation,relación
relationship,relación
relative,relativo
relatively,relativamente
relax,relajarse
relaxed,relajado
relaxing,relajante
release,liberar
relevant,importante
relief,alivio
religion,religión
religious,religioso
rely,confiar
rely on,depender de
remain,permanecer
remaining,restante
remains,restos
remark,observación
remarkable,notable
remarkably,notablemente
remember,recordar
remind,recordar
remind of,recuerda a
remote,remoto
removal,eliminación
remove,eliminar
rent,alquilar
rented,alquilado
repair,reparar
repeat,repetir
repeated,repetido
repeatedly,repetidamente
replace,reemplazar
reply,responder
report,informe
represent,representar
representative,representante
reproduce,reproducir
reputation,reputación
request,pedido
require,requerir
requirement,requisito
rescue,rescate
research,investigación
reservation,reserva
reserve,reservar
resident,residente
resist,resistir
resistance,resistencia
resolve,resolver
resort,complejo
resort to,recurrir a
resource,recurso
respect,respeto
respond,responder
response,respuesta
responsibility,responsabilidad
responsible,responsable
rest,descansar
restaurant,restaurante
restore,restaurar
restrict,restringir
restricted,restringido
restriction,restricción
result,resultado
result in,resulta en
retain,retener
retire,jubilarse
retired,jubilado
retirement,Jubilación
return,devolver
reveal,revelar
reverse,contrarrestar
review,revisar
revise,revisar
revision,revisión
revolution,revolución
reward,premio
rhythm,ritmo
rice,arroz
rich,rico
rid,deshacerse
ride,conducir
rider,jinete
ridiculous,ridículo
riding,equitación
right,bien
rightly,correctamente
ring 1,anillo 1
ring 2,anillo 2
ring back,volver a llamar
rise,elevar
risk,riesgo
rival,rival
river,río
road,camino
rob,robar
rock,roca
role,role
roll,rollo
romantic,romántico
roof,techo
room,habitación
root,raíz
rope,soga
rough,bruto
roughly,apenas
round,redondo
rounded,redondeado
route,ruta
routine,rutina
row 1,Fila 1
royal,real
rub,frotar
rubber,goma
rubbish,basura
rude,brusco
rudely,groseramente
ruin,ruina
ruined,arruinado
rule,regla
rule out,descartar
ruler,gobernante
rumour,rumor
run,correr
run after,correr tras
run away,huir
runner,corredor
running,correr
run out,sin
run over,atropellar
run through,ejecutar a través de
rural,rural
rush,correr
sack,bolsa
sad,triste
sadly,desafortunadamente
sadness,tristeza
safe,seguro
safely,sin peligro
safety,seguridad
sail,navegar
sailing,navegación
sailor,marinero
salad,ensalada
salary,salario
sale,venta
salt,sal
salty,salado
same,mismo
sample,muestra
sand,arena
satisfaction,satisfacción
satisfied,satisfecho
satisfy,satisfacer
satisfying,satisfactorio
Saturday,Sábado
sauce,salsa
save,ahorrar
saving,ahorro
say,decir
scale,escala
scare,susto
scared,asustado
scare off,espantar
scene,escena
schedule,cronograma
scheme,esquema
school,escuela
science,ciencia
scientific,científico
scientist,científico
scissors,tijeras
score,puntaje
scratch,rascar
scream,gritar
screen,pantalla
screw,tornillo
sea,mar
seal,sello
seal off,cerrar
search,buscar
season,estación
seat,asiento
second 1,Segundo 1
secondary,secundario
secret,secreto
secretary,secretario
secretly,secretamente
section,sección
sector,sector
secure,seguro
security,seguridad
see,ver
see about,ver sobre
seed,semilla
seek,buscar
seem,parecer
see to,encargarse de
select,seleccionar
selection,selección
self,ser
self-,ser-
sell,vender
sell off,vender
sell out,vendido
senate,senado
senator,senador
send,enviar
send for,enviar para
send off,enviar
senior,sénior
sense,sentido
sensible,sensitivo
sensitive,sensible
sentence,oración
separate,separado
separate,separado
separated,apartado
separately,por separado
separation,separación
September,Septiembre
series,serie
serious,grave
seriously,en serio
servant,servidor
serve,atender
service,servicio
session,sesión
set,colocar
set off,activar
set out,exponer
settle,asentarse
settle down,establecerse
set up,configuración
seven,Siete
seventeen,diecisiete
seventh,séptimo
seventieth,septuagésimo
seventy,setenta
several,varios
severe,severo
severely,severamente
sew,coser
sewing,de coser
sex,sexo
sexual,sexual
sexually,sexualmente
shade,sombra
shadow,sombra
shake,agitar
shall,deberá
shallow,poco profundo
shame,lástima
shape,forma
shaped,conformado
share,compartir
sharp,afilado
sharply,bruscamente
shave,afeitar
she,ella
sheep,oveja
sheet,hoja
shelf,estante
shell,caparazón
shelter,refugio
shift,cambio
shine,brillar
shiny,brillante
ship,barco
shirt,camisa
shock,choque
shocked,conmocionado
shocking,impactante
shoe,zapato
shoot,disparar
shoot down,derribar
shooting,tiroteo
shop,comercio
shopping,compras
short,corto
shortly,dentro de poco
shot,disparo
should,debería
shoulder,hombro
shout,gritar
show,espectáculo
shower,ducha
show off,presumir
show round,ronda de exhibiciones
show up,aparecer
shut,cerrar
shut down,cerrar
shut in,encerrar
shut out,excluir
shut up,callarse la boca
shy,tímido
sick,enfermo
side,lado
sideways,oblicuo
sight,vista
sign,firmar
signal,señal
signature,firma
significant,significativo
significantly,significativamente
silence,silencio
silent,silencioso
silk,seda
silly,tonto
silver,plata
similar,similar
similarly,similarmente
simple,simple
simply,simplemente
since,desde
sincere,sincero
sincerely,atentamente
sing,cantar
singer,cantante
singing,cantando
single,soltero
sink,hundir
sir,Señor
sister,hermana
sit,sentarse
sit down,siéntate
site,sitio
situation,situación
six,seis
sixteen,dieciséis
sixth,sexto
sixtieth,sexagésimo
sixty,sesenta
size,tamaño
skilful,hábil
skilfully,hábilmente
skill,habilidad
skilled,experto
skin,piel
skirt,falda
sky,cielo
sleep,dormir
sleeve,manga
slice,rebanada
slide,deslizar
slight,leve
slightly,levemente
slip,deslizar
slope,pendiente
slow,lento
slowly,despacio
small,pequeño
smart,elegante
smash,aplastar
smell,oler
smile,sonrisa
smoke,fumar
smoking,de fumar
smooth,liso
smoothly,suavemente
snake,serpiente
snow,nieve
so,entonces
soap,jabón
social,social
socially,socialmente
society,sociedad
sock,calcetín
soft,suave
softly,suavemente
software,software
soil,suelo
soldier,soldado
solid,sólido
solution,solución
solve,resolver
some,alguno
some,alguno
somebody,alguien
somehow,de alguna manera
someone,alguien
something,algo
sometimes,a veces
somewhat,un poco
somewhere,en algún lugar
son,hijo
song,canción
soon,pronto
sore,doloroso
sorry,Lo siento
sort,clasificar
sort out,clasificar
soul,alma
sound,sonido
soup,sopa
sour,agrio
source,fuente
south,sur
southern,del Sur
space,espacio
spare,repuesto
speak,hablar
speaker,vocero
speak out,hablar claro
speak up,hablar alto
special,especial
specialist,especialista
specially,especialmente
specific,específico
specifically,específicamente
speech,discurso
speed,velocidad
speed up,acelerar
spell,deletrear
spelling,ortografía
spend,gastar
spice,especia
spicy,picante
spider,araña
spin,girar
spirit,espíritu
spiritual,espiritual
spite,despecho
split,dividir
split up,separar
spoil,arruinar
spoken,hablado
spoon,cuchara
sport,deporte
spot,lugar
spray,rociar
spread,desparramar
spread out,extendido
spring,primavera
square,cuadrado
squeeze,estrujar
stable,estable
staff,personal
stage,escenario
stair,escalera
stamp,estampilla
stand,pararse
standard,estándar
stand back,un paso atrás
stand by,apoyar
stand for,representar
stand out,destacar
stand up,ponerse de pie
stand up for,defender
star,estrella
stare,mirar fijamente
start,comenzar
start off,Iniciar
start out,partir
start up,puesta en marcha
state,estado
statement,declaración
station,estación
statue,estatua
status,estado
stay,permanecer
stay away,Mantente alejado
stay out of,mantenerse al margen de
steadily,continuamente
steady,estable
steal,robar
steam,vapor
steel,acero
steep,empinado
steeply,aburrido
steer,dirigir
step,paso
stick,palo
stick out,resaltar
stick to,Atenerse a
stick up,Pegarse
sticky,pegajoso
stiff,rígido
stiffly,rígido
still,aún
sting,picadura
stir,remover
stock,existencias
stomach,estómago
stone,piedra
stop,detener
store,almacenar
storm,tormenta
story,historia
stove,cocina
straight,derecho
strain,cepa
strange,extraño
strangely,extrañamente
stranger,extraño
strategy,estrategia
stream,arroyo
street,calle
strength,fortaleza
stress,estrés
stressed,estresado
stretch,estirar
strict,estricto
strictly,estrictamente
strike,huelga
striking,sorprendentes
string,cadena
strip,banda
stripe,raya
striped,a rayas
stroke,ataque
strong,fuerte
strongly,fuertemente
structure,estructura
struggle,lucha
student,alumno
studio,estudio
study,estudiar
stuff,cosa
stupid,estúpido
style,estilo
subject,sujeto
substance,sustancia
substantial,sustancial
substantially,sustancialmente
substitute,sustituto
succeed,tener éxito
success,éxito
successful,exitoso
successfully,exitosamente
such,semejante
suck,chupar
sudden,repentino
suddenly,de repente
suffer,sufrir
suffering,sufrimiento
sufficient,suficiente
sufficiently,suficientemente
sugar,azúcar
suggest,sugerir
suggestion,sugerencia
suit,traje
suitable,adecuado
suitcase,maleta
suited,adecuado
sum,suma
summary,resumen
summer,verano
sum up,resumir
sun,sol
Sunday,Domingo
superior,superior
supermarket,supermercado
supply,suministrar
support,apoyo
supporter,seguidor
suppose,suponer
sure,seguro
surely,seguramente
surface,superficie
surname,apellido
surprise,sorpresa
surprised,sorprendido
surprising,sorprendente
surprisingly,asombrosamente
surround,rodear
surrounding,circundante
surroundings,alrededores
survey,encuesta
survey,encuesta
survive,sobrevivir
suspect,sospechar
suspicion,sospecha
suspicious,sospechoso
swallow,tragar
swear,jurar
swearing,maldición
sweat,sudor
sweater,suéter
sweep,barrer
sweet,dulce
swell,hinchar
swelling,hinchazón
swim,nadar
swimming,nadar
swimming pool,piscina
swing,balancearse
switch,cambiar
switch off,apagar
swollen,hinchado
symbol,símbolo
sympathetic,simpático
sympathy,compasión
system,sistema
table,mesa
tablet,tableta
tackle,abordar
tail,cola
take,llevar
take away,llevar
take back,devolver
take down,Derribar
take in,tomar
take off,despegar
take on,asumir
take over,tomar el control
take up,comenzar
talk,hablar
tall,alto
tank,tanque
tap,grifo
tape,cinta
target,objetivo
task,tarea
taste,gusto
tax,impuesto
taxi,Taxi
tea,té
teach,enseñar
teacher,maestro
teaching,enseñando
team,equipo
tear 1,desgarrar 1
tear 2,desgarrar 2
tear up,arrancar
technical,técnico
technique,técnica
technology,tecnología
telephone,teléfono
television,televisión
tell,decir
tell off,Regañar
temperature,temperatura
temporarily,temporalmente
temporary,temporario
ten,diez
tend,tender
tendency,tendencia
tension,tensión
tent,carpa
tenth,décimo
term,término
terrible,horrible
terribly,terriblemente
test,prueba
text,texto
than,que
thank,agradecer
thanks,gracias
thank you,gracias
that,eso
that,eso
the,el
theatre,teatro
their,su
theirs,suyo
them,a ellos
theme,tema
themselves,ellos mismos
then,entonces
theory,teoría
there,allá
therefore,por lo tanto
they,ellos
thick,grueso
thickly,grueso
thickness,espesor
thief,ladrón
thin,delgado
thing,cosa
think,pensar
think about,pensar en
thinking,pensamiento
think of,pensar en
think of as,pensar en
think over,pensar
think up,idear
third,tercero
thirsty,sediento
thirteen,trece
thirteenth,decimotercero
thirtieth,trigésimo
thirty,treinta
this,este
thorough,exhaustivo
thoroughly,minuciosamente
though,aunque
thought,pensamiento
thousand,mil
thousandth,milésimo
thread,hilo
threat,amenaza
threaten,amenazar
threatening,amenazante
three,tres
throat,garganta
through,a través de
throughout,a lo largo de
throw,tirar
throw away,tirar a la basura
throw out,tirar
thumb,pulgar
Thursday,Jueves
thus,de este modo
ticket,boleto
tidy,ordenado
tie,atar
tie up,atar
tight,ajustado
tightly,estrechamente
till,hasta
time,tiempo
timetable,calendario
tin,estaño
tiny,diminuto
tip,consejo
tip over,volcar
tire,neumático
tired,cansado
tire out,cansar
tiring,agotador
title,título
to,a
today,hoy
toe,dedo del pie
together,juntos
toilet,baño
tomato,tomate
tomorrow,mañana
ton,tonelada
tone,tono
tongue,lengua
tonight,esta noche
tonne,tonelada
too,también
tool,herramienta
tooth,diente
top,arriba
topic,tema
total,total
totally,totalmente
touch,tocar
tough,difícil
tour,recorrido
tourist,turista
towards,hacia
towel,toalla
tower,torre
town,ciudad
toy,juguete
trace,rastro
track,pista
trade,comercio
trading,comercio
tradition,tradición
traditional,tradicional
traditionally,tradicionalmente
traffic,tráfico
train,tren
training,capacitación
transfer,transferir
transfer,transferir
transform,transformar
translate,traducir
translation,traducción
transparent,transparente
transport,transporte
transport,transporte
transportation,transporte
trap,trampa
travel,viajar
traveller,viajero
treat,tratar
treatment,tratamiento
tree,árbol
trend,tendencia
trial,ensayo
triangle,triángulo
trick,truco
trip,viaje
tropical,tropical
trouble,problema
trousers,pantalones
truck,camión
TRUE,VERDADERO
truly,realmente
trust,confianza
truth,verdad
try,intentar
try on,Pruebatelo
try out,probar
tube,tubo
Tuesday,Martes
tune,melodía
tunnel,túnel
turn,doblar
turn back,volver
turn down,rechazar
turn into,convertirse en
turn off,apagar
turn on,encender
turn out,apagar
turn over,Rotación
turn round,dar la vuelta
turn to,empezar a
turn up,aparecer
TV,TELEVISOR
twelfth,duodécimo
twelve,doce
twentieth,vigésimo
twenty,veinte
twice,dos veces
twin,mellizo
twist,girar
twisted,retorcido
two,dos
type,tipo
typical,típico
typically,típicamente
tyre,neumático
the unemployed,los desempleados
the unexpected,lo inesperado
ugly,feo
ultimate,último
ultimately,por último
umbrella,paraguas
unable,incapaz
unacceptable,inaceptable
uncertain,incierto
uncle,tío
uncomfortable,incómodo
unconscious,inconsciente
uncontrolled,sin control
under,bajo
underground,subterráneo
underneath,debajo
understand,entender
understanding,comprensión
underwater,submarino
underwear,ropa interior
undo,deshacer
unemployed,desempleados
unemployment,desempleo
unexpected,inesperado
unexpectedly,inesperadamente
unfair,injusto
unfairly,injustamente
unfortunate,desgraciado
unfortunately,desafortunadamente
unfriendly,antipático
unhappy,infeliz
uniform,uniforme
unimportant,sin importancia
union,Unión
unique,único
unit,unidad
unite,unir
united,unido
universe,universo
university,universidad
unkind,cruel
unknown,desconocido
unless,a menos que
unlike,a diferencia de
unlikely,improbable
unload,descargar
unlucky,desafortunado
unnecessary,innecesario
unpleasant,desagradable
unreasonable,irrazonable
unsteady,inestable
unsuccessful,fracasado
untidy,desordenado
until,hasta
unusual,inusual
unusually,extraordinariamente
unwilling,reacio
unwillingly,a regañadientes
up,arriba
upon,al
upper,superior
upset,decepcionado
upset,decepcionado
upsetting,perturbador
upside down,Al revés
upstairs,piso superior
upward,hacia arriba
upwards,hacia arriba
urban,urbano
urge,urgir
urgent,urgente
us,a nosotros
use,usar
use,usar
used 1,usado 1
used 2,usado 2
used to,solía hacerlo
useful,útil
useless,inútil
user,usuario
use up,úsalo
usual,habitual
usually,generalmente
vacation,vacaciones
valid,válido
valley,valle
valuable,valioso
value,valor
van,camioneta
variation,variación
varied,variado
variety,variedad
various,varios
vary,variar
vast,vasto
vegetable,verdura
vehicle,vehículo
venture,empresa
version,versión
vertical,vertical
very,muy
via,a través de
victim,víctima
victory,victoria
video,video
view,vista
village,aldea
violence,violencia
violent,violento
violently,violentamente
virtually,virtualmente
virus,virus
visible,visible
vision,visión
visit,visita
visitor,visitante
vital,vital
vocabulary,vocabulario
voice,voz
volume,volumen
vote,votar
wage,salario
waist,cintura
wait,esperar
waiter,mesero
wake,despertar
walk,caminar
walking,caminando
walk out,salir
walk up,subir
wall,muro
wallet,billetera
wander,deambular
want,desear
war,guerra
warm,cálido
warmth,calor
warm up,calentamiento
warn,advertir
warning,advertencia
wash,lavar
wash away,lavar
washing,Lavado
wash off,quitarse
wash out,lavado
wash up,Lavarse
waste,desperdiciar
watch,mirar
watch out,Cuidado
watch out for,tener cuidado con
water,agua
wave,ola
way,forma
we,nosotros
weak,débil
weakness,debilidad
wealth,poder
weapon,arma
wear,tener puesto
wear away,desgastar
wear off,desaparecer
wear out,desgastar
weather,clima
web,web
website,sitio web
wedding,boda
Wednesday,Miércoles
week,semana
weekend,fin de semana
weekly,semanalmente
weigh,pesar
weight,peso
welcome,bienvenido
well,Bueno
well known,bien conocido
west,Oeste
western,occidental
wet,húmedo
what,qué
whatever,lo que
wheel,rueda
when,cuando
whenever,cuando sea
where,dónde
whereas,mientras
wherever,lo que sea
whether,si
which,cual
while,mientras
whisper,susurro
whistle,silbar
white,blanco
who,OMS
whoever,quien
whole,entero
whom,a quien
whose,cuyo
why,por qué
wide,ancho
widely,ampliamente
width,ancho
wife,esposa
wild,salvaje
wildly,salvajemente
will,voluntad
willing,deseoso
willingly,de buena gana
willingness,voluntad
win,ganar
wind 1,Viento 1
wind 2,Viento 2
window,ventana
wine,vino
wing,ala
winner,ganador
winning,victorioso
winter,invierno
wire,cable
wise,inteligente
wish,desear
with,con
withdraw,retirar
within,dentro
without,sin
witness,testigo
woman,mujer
wonder,preguntarse
wonderful,maravilloso
wood,madera
wooden,de madera
wool,lana
word,palabra
work,trabajar
worker,obrero
working,laboral
work out,ejercicio
world,mundo
worried,preocupado
worry,preocuparse
worrying,preocupante
worse,peor
worship,culto
worst,el peor
worth,valer
would,haría
wound 1,herida 1
wounded,herido
wrap,envoltura
wrapping,envase
wrist,muñeca
write,escribir
write back,respóndeme
write down,anote
writer,escritor
writing,escribiendo
written,escrito
wrong,equivocado
wrongly,injustamente
yard,patio
yawn,bostezo
yeah,sí
year,año
yellow,amarillo
yes,Sí
yesterday,ayer
yet,todavía
you,tú
young,joven
your,su
yours,tuyo
yourself,tú mismo
youth,juventud
zero,cero
zone,zona